"category_url","subcategory","manufacturer","title","full_title","price","old_price","url","image","description"
"https://www.uitlaataanbiedingen.nl/universele-uitlaatdelen/klembussen/","klembussen","FA1","Klembus 50 x 54,5 MM","FA1 Automotive Klembus 50 x 54,5 MM","€5,20","€15,00","https://www.uitlaataanbiedingen.nl/klembus-50-x-545-mm.html","https://cdn.webshopapp.com/shops/69473/files/340639764/262x276x2/fa1-automotive-klembus-50-x-545-mm.jpg","Klembus 50 x 54,5 MM"
"https://www.uitlaataanbiedingen.nl/universele-uitlaatdelen/klembussen/","klembussen","FA1","Klembus 42 x 46,7 MM","FA1 Automotive Klembus 42 x 46,7 MM","€4,75","€15,00","https://www.uitlaataanbiedingen.nl/klembus-42-x-467-mm.html","https://cdn.webshopapp.com/shops/69473/files/340639721/262x276x2/fa1-automotive-klembus-42-x-467-mm.jpg","Klembus 42 x 46,7 MM"
"https://www.uitlaataanbiedingen.nl/universele-uitlaatdelen/klembussen/","klembussen","FA1","Klembussen pakket","FA1 Automotive Klembussen pakket","€54,95","€135,00","https://www.uitlaataanbiedingen.nl/klembussen-pakket.html","https://cdn.webshopapp.com/shops/69473/files/348065408/262x276x2/fa1-automotive-klembussen-pakket.jpg","Alle soorten klembussen in 1 pakket met extra 20% korting."
"https://www.uitlaataanbiedingen.nl/universele-uitlaatdelen/klembussen/","klembussen","FA1","Klembus 65 x 69,5 MM","FA1 Automotive Klembus 65 x 69,5 MM","€5,80","€15,00","https://www.uitlaataanbiedingen.nl/klembus-65-x-695-mm.html","https://cdn.webshopapp.com/shops/69473/files/340639850/262x276x2/fa1-automotive-klembus-65-x-695-mm.jpg","Klembus 65 x 69,5 MM"
"https://www.uitlaataanbiedingen.nl/universele-uitlaatdelen/klembussen/","klembussen","FA1","Klembus 70 x 74,5 MM","FA1 Automotive Klembus 70 x 74,5 MM","€5,90","€15,00","https://www.uitlaataanbiedingen.nl/klembus-70-x-745-mm.html","https://cdn.webshopapp.com/shops/69473/files/340639871/262x276x2/fa1-automotive-klembus-70-x-745-mm.jpg","Klembus 70 x 74,5 MM"
"https://www.uitlaataanbiedingen.nl/universele-uitlaatdelen/klembussen/","klembussen","FA1","Klembus 44 x 48,5 MM","FA1 Automotive Klembus 44 x 48,5 MM","€4,85","€15,00","https://www.uitlaataanbiedingen.nl/klembus-44-x-485-mm.html","https://cdn.webshopapp.com/shops/69473/files/340639662/262x276x2/fa1-automotive-klembus-44-x-485-mm.jpg","Klembus 44 x 48,5 MM"
"https://www.uitlaataanbiedingen.nl/universele-uitlaatdelen/klembussen/","klembussen","FA1","Klembus 56 x 60,5 MM","FA1 Automotive Klembus 56 x 60,5 MM","€5,45","€15,00","https://www.uitlaataanbiedingen.nl/klembus-56-x-605-mm.html","https://cdn.webshopapp.com/shops/69473/files/340639810/262x276x2/fa1-automotive-klembus-56-x-605-mm.jpg","Klembus 56 x 60,5 MM"
"https://www.uitlaataanbiedingen.nl/universele-uitlaatdelen/klembussen/","klembussen","FA1","Klembus 54 x 58,5 MM","FA1 Automotive Klembus 54 x 58,5 MM","€5,35","€15,00","https://www.uitlaataanbiedingen.nl/klembus-54-x-585-mm.html","https://cdn.webshopapp.com/shops/69473/files/340639791/262x276x2/fa1-automotive-klembus-54-x-585-mm.jpg","Klembus 54 x 58,5 MM"
"https://www.uitlaataanbiedingen.nl/universele-uitlaatdelen/klembussen/","klembussen","FA1","Klembus 60 x 64,5 MM","FA1 Automotive Klembus 60 x 64,5 MM","€5,65","€15,00","https://www.uitlaataanbiedingen.nl/klembus-60-x-645-mm.html","https://cdn.webshopapp.com/shops/69473/files/340639824/262x276x2/fa1-automotive-klembus-60-x-645-mm.jpg","Klembus 60 x 64,5 MM"
"https://www.uitlaataanbiedingen.nl/universele-uitlaatdelen/klembussen/","klembussen","FA1","Klembus 45 x 49,5 MM","FA1 Automotive Klembus 45 x 49,5 MM","€4,75","€15,00","https://www.uitlaataanbiedingen.nl/klembus-45-x-495-mm.html","https://cdn.webshopapp.com/shops/69473/files/340639739/262x276x2/fa1-automotive-klembus-45-x-495-mm.jpg","Klembus 45 x 49,5 MM"
"https://www.uitlaataanbiedingen.nl/universele-uitlaatdelen/klembussen/","klembussen","FA1","Klembus 48 x 52,3 MM","FA1 Automotive Klembus 48 x 52,3 MM","€4,95","€15,00","https://www.uitlaataanbiedingen.nl/klembus-48-x-523-mm.html","https://cdn.webshopapp.com/shops/69473/files/340639688/262x276x2/fa1-automotive-klembus-48-x-523-mm.jpg","Klembus 48 x 52,3 MM"
"https://www.uitlaataanbiedingen.nl/universele-uitlaatdelen/klembussen/","klembussen","FA1","Klembus 40 x 44,5 MM","FA1 Automotive Klembus 40 x 44,5 MM","€4,75","€15,00","https://www.uitlaataanbiedingen.nl/klembus-40-x-445-mm.html","https://cdn.webshopapp.com/shops/69473/files/340639647/262x276x2/fa1-automotive-klembus-40-x-445-mm.jpg","Klembus 40 x 44,5 MM"
"https://www.uitlaataanbiedingen.nl/universele-uitlaatdelen/klembussen/","klembussen","FA1","Klembus 38 x 42,5 MM","FA1 Automotive Klembus 38  x 42,5 MM","€4,60","€15,00","https://www.uitlaataanbiedingen.nl/klembus-38-x-425-mm.html","https://cdn.webshopapp.com/shops/69473/files/340639608/262x276x2/fa1-automotive-klembus-38-x-425-mm.jpg","Klembus 38 x 42,5 MM"
"https://www.uitlaataanbiedingen.nl/universele-uitlaatdelen/klembussen/","klembussen","FA1","Klembus 36 x 40,6 MM","FA1 Automotive Klembus 36 x 40,6 MM","€4,30","€15,00","https://www.uitlaataanbiedingen.nl/klembus-36-x-406-mm.html","https://cdn.webshopapp.com/shops/69473/files/340627395/262x276x2/fa1-automotive-klembus-36-x-406-mm.jpg","Klembus 36 x 40,6 MM"
"https://www.uitlaataanbiedingen.nl/universele-uitlaatdelen/montagepasta/","montagepasta","FA1","Montagepasta 75 Gram","FA1 Automotive Montagepasta 75 Gram","€4,95","€10,00","https://www.uitlaataanbiedingen.nl/montagepasta-75gram.html","https://cdn.webshopapp.com/shops/69473/files/461062189/262x276x2/fa1-automotive-montagepasta-75-gram.jpg","Montagepasta 75 Gram"
"https://www.uitlaataanbiedingen.nl/universele-uitlaatdelen/montagepasta/","montagepasta","FA1","Montagepasta 150 Gram","FA1 Automotive Montagepasta 150 Gram","€6,95","€10,00","https://www.uitlaataanbiedingen.nl/montagepasta-150-gram.html","https://cdn.webshopapp.com/shops/69473/files/461063355/262x276x2/fa1-automotive-montagepasta-150-gram.jpg","Montagepasta 75 Gram"
"https://www.uitlaataanbiedingen.nl/universele-uitlaatdelen/montagepasta/","montagepasta","FA1","Montagepasta XL 12x (150Gram)","FA1 Automotive Montagepasta XL 12x (150Gram)","€34,95","€83,40","https://www.uitlaataanbiedingen.nl/montagepasta-xl-12x.html","https://cdn.webshopapp.com/shops/69473/files/441860448/262x276x2/fa1-automotive-montagepasta-xl-12x-150gram.jpg","Montagepasta XL 12x"
"https://www.uitlaataanbiedingen.nl/universele-uitlaatdelen/montagepasta/","montagepasta","FA1","Montagepasta 12x (75Gram)","FA1 Automotive Montagepasta 12x (75Gram)","€29,95","€59,40","https://www.uitlaataanbiedingen.nl/montagepasta-doos-12x.html","https://cdn.webshopapp.com/shops/69473/files/441859338/262x276x2/fa1-automotive-montagepasta-12x-75gram.jpg","Montagepasta 12x"
"https://www.uitlaataanbiedingen.nl/universele-uitlaatdelen/rechte-uitlaatpijp/","rechte-uitlaatpijp","FA1","Rechte uitlaatpijp diameter 50MM x 1M","FA1 Automotive Rechte uitlaatpijp diameter 50MM x 1M","€13,45","€24,95","https://www.uitlaataanbiedingen.nl/rechte-uitlaatpijp-diameter-50mm-x-1m.html","https://cdn.webshopapp.com/shops/69473/files/461708170/262x276x2/fa1-automotive-rechte-uitlaatpijp-diameter-50mm-x.jpg","Rechte uitlaatpijp diameter 50MM x 1M"
"https://www.uitlaataanbiedingen.nl/universele-uitlaatdelen/rechte-uitlaatpijp/","rechte-uitlaatpijp","FA1","Rechte uitlaatpijp diameter 60MM x 1M","FA1 Automotive Rechte uitlaatpijp diameter 60MM x 1M","€15,95","€30,00","https://www.uitlaataanbiedingen.nl/rechte-uitlaatpijp-diameter-60mm-x-1m.html","https://cdn.webshopapp.com/shops/69473/files/461709458/262x276x2/fa1-automotive-rechte-uitlaatpijp-diameter-60mm-x.jpg","Rechte uitlaatpijp diameter 60MM x 1M"
"https://www.uitlaataanbiedingen.nl/universele-uitlaatdelen/rechte-uitlaatpijp/","rechte-uitlaatpijp","FA1","Rechte uitlaatpijp diameter 38MM x 1M","FA1 Automotive Rechte uitlaatpijp diameter 38MM x 1M","€9,95","€19,95","https://www.uitlaataanbiedingen.nl/rechte-uitlaatpijp-diameter-38mm-x-1m.html","https://cdn.webshopapp.com/shops/69473/files/461707068/262x276x2/fa1-automotive-rechte-uitlaatpijp-diameter-38mm-x.jpg","Rechte uitlaatpijp diameter 38MM x 1M"
"https://www.uitlaataanbiedingen.nl/universele-uitlaatdelen/rechte-uitlaatpijp/","rechte-uitlaatpijp","FA1","Rechte uitlaatpijp diameter 65MM x 1M","FA1 Automotive Rechte uitlaatpijp diameter 65MM x 1M","€18,95","€29,95","https://www.uitlaataanbiedingen.nl/rechte-uitlaatpijp-diameter-65mm-x-1m.html","https://cdn.webshopapp.com/shops/69473/files/461710025/262x276x2/fa1-automotive-rechte-uitlaatpijp-diameter-65mm-x.jpg","Rechte uitlaatpijp diameter 65MM x 1M"
"https://www.uitlaataanbiedingen.nl/universele-uitlaatdelen/rechte-uitlaatpijp/","rechte-uitlaatpijp","FA1","Rechte uitlaatpijp diameter 35MM x 1M","FA1 Automotive Rechte uitlaatpijp diameter 35MM x 1M","€9,95","€25,00","https://www.uitlaataanbiedingen.nl/rechte-uitlaatpijp-diameter-35mm-1meter.html","https://cdn.webshopapp.com/shops/69473/files/461706354/262x276x2/fa1-automotive-rechte-uitlaatpijp-diameter-35mm-x.jpg","Rechte uitlaatpijp diameter 35MM x 1M"
"https://www.uitlaataanbiedingen.nl/universele-uitlaatdelen/rechte-uitlaatpijp/","rechte-uitlaatpijp","FA1","Rechte uitlaatpijp diameter 70MM x 1M","FA1 Automotive Rechte uitlaatpijp diameter 70MM x 1M","€14,95","€24,95","https://www.uitlaataanbiedingen.nl/rechte-uitlaatpijp-diameter-70mm-x-1m.html","https://cdn.webshopapp.com/shops/69473/files/461710978/262x276x2/fa1-automotive-rechte-uitlaatpijp-diameter-70mm-x.jpg","Rechte uitlaatpijp diameter 70MM x 1M"
"https://www.uitlaataanbiedingen.nl/universele-uitlaatdelen/rechte-uitlaatpijp/","rechte-uitlaatpijp","FA1","Rechte uitlaatpijp diameter 55MM x 1M","FA1 Automotive Rechte uitlaatpijp diameter 55MM x 1M","€15,95","€24,95","https://www.uitlaataanbiedingen.nl/rechte-uitlaatpijp-diameter-55mm-x-1m.html","https://cdn.webshopapp.com/shops/69473/files/461709174/262x276x2/fa1-automotive-rechte-uitlaatpijp-diameter-55mm-x.jpg","Rechte uitlaatpijp diameter 55MM x 1M"
"https://www.uitlaataanbiedingen.nl/universele-uitlaatdelen/rechte-uitlaatpijp/","rechte-uitlaatpijp","FA1","Rechte uitlaatpijp diameter 45MM x 1M","FA1 Automotive Rechte uitlaatpijp diameter 45MM x 1M","€11,95","€19,95","https://www.uitlaataanbiedingen.nl/rechte-uitlaatpijp-diameter-45mm-x-1m.html","https://cdn.webshopapp.com/shops/69473/files/461707904/262x276x2/fa1-automotive-rechte-uitlaatpijp-diameter-45mm-x.jpg","Rechte uitlaatpijp diameter 45MM x 1M"
"https://www.uitlaataanbiedingen.nl/universele-uitlaatdelen/rechte-uitlaatpijp/","rechte-uitlaatpijp","FA1","Rechte uitlaatpijp diameter 43MM x 1M","FA1 Automotive Rechte uitlaatpijp diameter 43MM x 1M","€11,45","€22,95","https://www.uitlaataanbiedingen.nl/rechte-uitlaatpijp-diameter-43mm-x-1m.html","https://cdn.webshopapp.com/shops/69473/files/461707725/262x276x2/fa1-automotive-rechte-uitlaatpijp-diameter-43mm-x.jpg","Rechte uitlaatpijp diameter 43MM x 1M"
"https://www.uitlaataanbiedingen.nl/universele-uitlaatdelen/rechte-uitlaatpijp/","rechte-uitlaatpijp","FA1","Rechte uitlaatpijp diameter 40MM x 1M","FA1 Automotive Rechte uitlaatpijp diameter 40MM x 1M","€10,95","€22,95","https://www.uitlaataanbiedingen.nl/rechte-uitlaatpijp-diameter-40mm-x-1m.html","https://cdn.webshopapp.com/shops/69473/files/461707291/262x276x2/fa1-automotive-rechte-uitlaatpijp-diameter-40mm-x.jpg","Rechte uitlaatpijp diameter 40MM x 1M"
"https://www.uitlaataanbiedingen.nl/universele-uitlaatdelen/rechte-uitlaatpijp/","rechte-uitlaatpijp","FA1","Rechte uitlaatpijp diameter 42MM x 1M","FA1 Automotive Rechte uitlaatpijp diameter 42MM x 1M","€10,95","€22,95","https://www.uitlaataanbiedingen.nl/rechte-uitlaatpijp-diameter-42mm-x-1m.html","https://cdn.webshopapp.com/shops/69473/files/461707593/262x276x2/fa1-automotive-rechte-uitlaatpijp-diameter-42mm-x.jpg","Rechte uitlaatpijp diameter 42MM x 1M"
"https://www.uitlaataanbiedingen.nl/universele-uitlaatdelen/rechte-uitlaatpijp/","rechte-uitlaatpijp","FA1","Rechte uitlaatpijp diameter 48MM x 1M","FA1 Automotive Rechte uitlaatpijp diameter 48MM x 1M","€12,95","€22,95","https://www.uitlaataanbiedingen.nl/rechte-uitlaatpijp-diameter-48mm-x-1m.html","https://cdn.webshopapp.com/shops/69473/files/461708049/262x276x2/fa1-automotive-rechte-uitlaatpijp-diameter-48mm-x.jpg","Rechte uitlaatpijp diameter 48MM x 1M"
"https://www.uitlaataanbiedingen.nl/universele-uitlaatdelen/uitlaatklemmen/","uitlaatklemmen","FA1","Assortiment uitlaatklemmen","FA1 Automotive Assortiment uitlaatklemmen","€189,00","€567,00","https://www.uitlaataanbiedingen.nl/oe-assortiment-uitlaatklemmen.html","https://cdn.webshopapp.com/shops/69473/files/96045872/262x276x2/fa1-automotive-assortiment-uitlaatklemmen.jpg","Assortiment uitlaatklemmen"
"https://www.uitlaataanbiedingen.nl/universele-uitlaatdelen/uitlaatklemmen/","uitlaatklemmen","FA1","U-Klemmen 30X","FA1 Automotive U-Klemmen 30X","€29,95","","https://www.uitlaataanbiedingen.nl/u-klemmen-30-stuks.html","https://cdn.webshopapp.com/shops/69473/files/441862116/262x276x2/fa1-automotive-u-klemmen-30x.jpg","U-Klemmen 30X"
"https://www.uitlaataanbiedingen.nl/universele-uitlaatdelen/uitlaatklemmen/","uitlaatklemmen","FA1","VAG Klemmen 12x","FA1 Automotive VAG Klemmen 12x","€23,95","","https://www.uitlaataanbiedingen.nl/vag-klemmen-12x.html","https://cdn.webshopapp.com/shops/69473/files/441863159/262x276x2/fa1-automotive-vag-klemmen-12x.jpg","VAG Klemmen 12x"
"https://www.uitlaataanbiedingen.nl/universele-uitlaatdelen/uitlaatklemmen/","uitlaatklemmen","FA1","Franse Klemmen 12X","FA1 Automotive Franse Klemmen 12X","€23,95","","https://www.uitlaataanbiedingen.nl/franse-klemmen-12x.html","https://cdn.webshopapp.com/shops/69473/files/441862830/262x276x2/fa1-automotive-franse-klemmen-12x.jpg","Franse Klemmen 12X"
